"Vial_ID","Genotype","Treatment","OD","OD_group","Date","Time","Day0_Alive","Day0_Climbing","Day1_Alive","Day1_Climbing","Day2_Alive","Day2_Climbing","Day3_Alive","Day3_Climbing","Day4_Alive","Day4_Climbing","Day5_Alive","Day5_Climbing","Day6_Alive","Day6_Climbing","Day7_Alive","Day7_Climbing"
1,"1N","LB",0,0,"1/19/23",01:40:00,10,7,10,7,10,6,10,3,10,4,10,5,10,4,10,5
2,"1N","LB",0,0,"1/19/23",01:40:00,10,7,9,5,9,3,9,1,9,3,9,3,9,2,9,3
3,"1N","LB",0,0,"1/19/23",01:40:00,10,9,9,7,9,6,9,2,9,3,9,4,9,4,9,6
4,"1N","LB",0,0,"1/19/23",01:40:00,10,10,10,8,10,6,9,7,9,8,9,3,9,4,9,5
5,"1N","LB",0,0,"1/19/23",01:40:00,10,8,10,7,10,5,9,2,9,3,9,2,9,2,9,0
6,"1N","P. sneebia",0.475,0.5,"1/19/23",02:00:00,10,6,3,1,1,1,1,1,1,1,1,1,1,1,1,1
7,"1N","P. sneebia",0.475,0.5,"1/19/23",02:00:00,10,4,3,2,2,2,2,2,2,2,2,2,2,2,2,2
8,"1N","P. sneebia",0.475,0.5,"1/19/23",02:00:00,10,5,0,0,0,0,0,0,0,0,0,0,0,0,0,0
9,"1N","P. sneebia",0.475,0.5,"1/19/23",02:00:00,10,6,1,0,0,0,0,0,0,0,0,0,0,0,0,0
10,"1N","P. sneebia",0.475,0.5,"1/19/23",02:00:00,10,6,2,1,0,0,0,0,0,0,0,0,0,0,0,0
11,"1N","P. sneebia",1.047,1,"1/19/23",02:20:00,10,5,1,0,0,0,0,0,0,0,0,0,0,0,0,0
12,"1N","P. sneebia",1.047,1,"1/19/23",02:20:00,10,5,2,2,2,2,1,1,1,1,1,1,1,1,1,0
13,"1N","P. sneebia",1.047,1,"1/19/23",02:20:00,10,5,1,0,0,0,0,0,0,0,0,0,0,0,0,0
26,"8N","LB",0,0,"1/19/23",06:40:00,10,8,10,8,10,6,10,0,10,2,10,1,10,1,10,1
27,"8N","LB",0,0,"1/19/23",06:40:00,10,7,9,6,9,5,9,0,9,1,9,1,9,0,9,2
28,"8N","LB",0,0,"1/19/23",06:40:00,10,8,9,6,9,5,9,2,9,1,9,5,9,2,9,2
29,"8N","P. sneebia",0.475,0.5,"1/19/23",05:30:00,10,8,1,0,0,0,0,0,0,0,0,0,0,0,0,0
30,"8N","P. sneebia",0.475,0.5,"1/19/23",05:30:00,10,2,2,0,0,0,0,0,0,0,0,0,0,0,0,0
31,"8N","P. sneebia",0.475,0.5,"1/19/23",05:30:00,10,3,3,1,1,1,0,0,0,0,0,0,0,0,0,0
32,"8N","P. sneebia",1.047,1,"1/19/23",05:40:00,10,4,1,0,0,0,0,0,0,0,0,0,0,0,0,0
33,"8N","P. sneebia",1.047,1,"1/19/23",05:40:00,10,4,1,0,0,0,0,0,0,0,0,0,0,0,0,0
34,"8N","P. sneebia",1.047,1,"1/19/23",05:40:00,10,4,3,1,1,1,0,0,0,0,0,0,0,0,0,0
47,"1G","LB",0,0,"1/24/23",12:00:00,10,6,9,6,9,5,9,5,9,5,9,4,9,3,9,3
48,"1G","LB",0,0,"1/24/23",12:00:00,10,7,9,6,9,4,9,6,9,6,9,5,9,5,9,5
49,"1G","LB",0,0,"1/24/23",12:00:00,10,6,9,4,9,4,9,3,9,4,9,3,9,3,9,3
50,"1G","LB",0,0,"1/24/23",12:00:00,10,8,9,7,9,6,9,6,9,6,9,4,9,4,9,3
51,"1G","LB",0,0,"1/24/23",12:00:00,10,8,9,6,9,5,9,4,9,3,9,3,9,3,9,3
52,"1G","P. sneebia",0.533,0.5,"1/24/23",12:20:00,10,6,7,4,0,0,0,0,0,0,0,0,0,0,0,0
53,"1G","P. sneebia",0.533,0.5,"1/24/23",12:20:00,10,6,6,4,2,2,2,2,2,2,2,2,2,2,2,2
54,"1G","P. sneebia",0.533,0.5,"1/24/23",12:20:00,10,6,6,5,0,0,0,0,0,0,0,0,0,0,0,0
55,"1G","P. sneebia",0.533,0.5,"1/24/23",12:20:00,10,6,7,5,7,5,7,4,7,4,7,3,7,3,7,3
56,"1G","P. sneebia",0.533,0.5,"1/24/23",12:20:00,10,4,5,3,1,1,1,1,1,1,1,1,1,1,1,1
57,"1G","P. sneebia",0.989,1,"1/24/23",12:40:00,10,5,7,3,3,1,3,1,3,1,3,1,3,1,3,1
58,"1G","P. sneebia",0.989,1,"1/24/23",12:40:00,10,5,5,3,1,0,1,1,1,1,1,1,1,1,1,1
59,"1G","P. sneebia",0.989,1,"1/24/23",12:40:00,10,7,9,6,5,3,5,3,5,1,5,1,5,1,5,1
60,"1G","P. sneebia",0.989,1,"1/24/23",12:40:00,10,3,5,2,3,1,2,2,2,2,2,2,2,2,2,2
61,"1G","P. sneebia",0.989,1,"1/24/23",12:40:00,10,4,4,2,2,2,2,2,2,2,2,1,2,1,2,1
78,"1N","P. sneebia",0.989,1,"1/24/23",02:20:00,10,4,5,3,2,2,2,1,2,1,2,1,2,1,2,1
79,"1N","P. sneebia",0.989,1,"1/24/23",02:20:00,10,6,5,5,3,3,3,3,3,3,3,2,3,2,3,2
94,"8N","LB",0,0,"1/24/23",03:40:00,10,7,9,6,9,5,9,2,9,3,9,3,9,3,9,3
95,"8N","LB",0,0,"1/24/23",03:40:00,10,6,9,7,9,7,9,6,9,7,9,6,9,5,9,5
96,"8N","P. sneebia",0.533,0.5,"1/24/23",03:50:00,10,4,3,3,1,1,1,1,1,1,1,1,1,1,1,1
97,"8N","P. sneebia",0.533,0.5,"1/24/23",03:50:00,10,3,3,2,3,2,3,3,3,3,3,3,3,3,3,3
98,"8N","P. sneebia",0.989,1,"1/24/23",03:50:00,10,3,3,3,1,1,1,1,1,1,1,1,1,1,1,1
99,"8N","P. sneebia",0.989,1,"1/24/23",03:50:00,10,5,4,3,2,1,2,1,2,1,2,1,2,1,2,1
102,"1N","P. sneebia",0.009,0.01,"2/14/23",11:10:00,10,4,3,3,3,3,3,1,3,2,3,2,3,2,3,2
103,"1N","P. sneebia",0.009,0.01,"2/14/23",11:10:00,10,2,1,1,1,1,1,0,1,1,1,1,1,1,1,1
104,"1N","P. sneebia",0.009,0.01,"2/14/23",11:10:00,10,6,8,7,8,7,7,5,7,5,7,5,7,5,7,5
105,"1N","P. sneebia",0.009,0.01,"2/14/23",11:10:00,10,5,6,5,6,5,6,5,5,5,5,5,5,5,5,5
106,"1N","P. sneebia",0.009,0.01,"2/14/23",11:10:00,10,4,8,5,8,6,8,7,8,6,8,6,8,6,8,6
107,"8N","P. sneebia",0.009,0.01,"2/14/23",11:10:00,10,5,6,5,4,3,4,2,4,2,4,1,4,1,4,1
108,"8N","P. sneebia",0.009,0.01,"2/14/23",11:10:00,10,4,7,3,6,3,6,0,6,0,6,1,6,1,6,1
109,"8N","P. sneebia",0.009,0.01,"2/14/23",11:10:00,10,6,8,5,4,0,3,0,2,0,2,0,2,0,2,0
110,"8N","P. sneebia",0.009,0.01,"2/14/23",11:10:00,10,4,4,2,2,1,2,0,2,0,2,1,2,1,2,1
111,"8N","P. sneebia",0.009,0.01,"2/14/23",11:10:00,10,6,7,6,7,6,7,3,7,3,7,0,7,0,7,1
112,"1G","P. sneebia",0.009,0.01,"2/14/23",11:10:00,11,4,5,5,5,5,5,0,5,1,5,1,5,1,5,1
113,"1G","P. sneebia",0.009,0.01,"2/14/23",11:10:00,10,4,3,2,3,2,3,2,3,2,3,2,3,1,3,1
114,"1G","P. sneebia",0.009,0.01,"2/14/23",11:10:00,10,5,7,3,6,5,6,5,6,5,6,4,6,4,6,4
115,"1G","P. sneebia",0.009,0.01,"2/14/23",11:10:00,10,6,8,6,3,2,3,1,3,1,3,0,3,0,3,0
116,"1G","P. sneebia",0.009,0.01,"2/14/23",11:10:00,10,7,9,8,8,7,8,5,8,5,8,6,8,6,8,6
117,"1N","P. sneebia",0.136,0.1,"2/14/23",01:00:00,10,2,1,1,1,0,1,1,1,1,1,1,1,1,1,0
118,"1N","P. sneebia",0.136,0.1,"2/14/23",01:00:00,10,2,3,1,3,2,3,3,3,3,3,2,3,2,3,2
119,"1N","P. sneebia",0.136,0.1,"2/14/23",01:00:00,10,5,5,4,2,1,1,1,1,1,1,0,1,0,1,0
120,"1N","P. sneebia",0.136,0.1,"2/14/23",01:00:00,10,4,5,5,4,4,4,4,4,2,4,2,4,2,4,3
121,"1N","P. sneebia",0.136,0.1,"2/14/23",01:00:00,10,4,5,1,2,1,2,1,2,1,2,1,2,1,2,1
122,"8N","P. sneebia",0.136,0.1,"2/14/23",01:00:00,10,4,9,1,1,0,1,0,1,0,1,0,1,0,1,0
123,"8N","P. sneebia",0.136,0.1,"2/14/23",01:00:00,10,5,7,2,3,0,3,0,2,0,2,0,2,0,1,1
124,"8N","P. sneebia",0.136,0.1,"2/14/23",01:00:00,10,6,9,3,4,0,3,0,2,0,2,0,2,0,2,0
125,"8N","P. sneebia",0.136,0.1,"2/14/23",01:00:00,10,4,9,5,5,5,5,2,5,2,5,1,5,1,5,2
126,"8N","P. sneebia",0.136,0.1,"2/14/23",01:00:00,10,4,9,2,5,1,5,1,5,1,5,1,5,1,5,1
127,"1G","P. sneebia",0.136,0.1,"2/14/23",01:00:00,10,6,8,4,7,5,7,1,7,2,7,2,7,2,6,1
128,"1G","P. sneebia",0.136,0.1,"2/14/23",01:00:00,10,4,5,2,4,2,3,0,3,0,3,0,3,0,3,0
129,"1G","P. sneebia",0.136,0.1,"2/14/23",01:00:00,10,4,4,2,4,1,4,1,4,1,4,0,4,0,4,0
130,"1G","P. sneebia",0.136,0.1,"2/14/23",01:00:00,10,5,6,4,4,1,3,1,3,1,3,1,3,1,2,1
131,"1G","P. sneebia",0.136,0.1,"2/14/23",01:00:00,10,2,5,1,4,1,3,2,3,2,3,2,3,2,3,1
132,"1N","P. sneebia",8.4,8,"2/14/23",02:00:00,10,4,5,3,1,1,1,1,1,1,1,1,1,1,1,0
133,"1N","P. sneebia",8.4,8,"2/14/23",02:00:00,10,3,3,1,0,0,0,0,0,0,0,0,0,0,0,0
134,"1N","P. sneebia",8.4,8,"2/14/23",02:00:00,10,4,3,2,0,0,0,0,0,0,0,0,0,0,0,0
135,"1N","P. sneebia",8.4,8,"2/14/23",02:00:00,10,5,5,4,0,0,0,0,0,0,0,0,0,0,0,0
136,"1N","P. sneebia",8.4,8,"2/14/23",02:00:00,10,3,2,1,0,0,0,0,0,0,0,0,0,0,0,0
137,"8N","P. sneebia",8.4,8,"2/14/23",02:00:00,10,6,9,4,0,0,0,0,0,0,0,0,0,0,0,0
138,"8N","P. sneebia",8.4,8,"2/14/23",02:00:00,10,6,7,4,2,1,2,1,1,1,1,1,1,1,1,0
139,"8N","P. sneebia",8.4,8,"2/14/23",02:00:00,10,4,4,4,0,0,0,0,0,0,0,0,0,0,0,0
140,"8N","P. sneebia",8.4,8,"2/14/23",02:00:00,10,6,7,7,0,0,0,0,0,0,0,0,0,0,0,0
141,"8N","P. sneebia",8.4,8,"2/14/23",02:00:00,10,6,6,6,2,1,2,1,2,1,2,1,2,1,2,1
142,"1G","P. sneebia",8.4,8,"2/14/23",02:00:00,10,5,5,4,0,0,0,0,0,0,0,0,0,0,0,0
143,"1G","P. sneebia",8.4,8,"2/14/23",02:00:00,10,3,2,1,0,0,0,0,0,0,0,0,0,0,0,0
144,"1G","P. sneebia",8.4,8,"2/14/23",02:00:00,10,3,4,1,0,0,0,0,0,0,0,0,0,0,0,0
145,"1G","P. sneebia",8.4,8,"2/14/23",02:00:00,10,5,6,4,0,0,0,0,0,0,0,0,0,0,0,0
146,"1G","P. sneebia",8.4,8,"2/14/23",02:00:00,10,3,4,2,0,0,0,0,0,0,0,0,0,0,0,0
147,"1N","P. rettgeri",0.147,0.1,"2/22/23",04:00:00,10,5,5,5,0,0,0,0,0,0,0,0,0,0,0,0
148,"1N","P. rettgeri",0.147,0.1,"2/22/23",04:00:00,10,3,2,2,1,1,1,1,1,1,1,1,1,1,1,1
149,"1N","P. rettgeri",0.147,0.1,"2/22/23",04:00:00,10,3,4,4,1,1,1,1,1,1,1,1,1,1,1,1
150,"1N","P. rettgeri",0.147,0.1,"2/22/23",04:00:00,10,2,2,1,2,1,2,1,2,1,2,1,2,1,2,1
151,"1N","P. rettgeri",0.147,0.1,"2/22/23",04:00:00,10,5,7,7,1,1,1,1,1,1,1,1,1,1,1,1
152,"8N","P. rettgeri",0.147,0.1,"2/22/23",05:10:00,10,5,6,5,2,1,2,1,2,1,2,1,2,0,2,0
153,"8N","P. rettgeri",0.147,0.1,"2/22/23",05:10:00,10,5,6,4,2,1,2,1,2,1,2,1,2,1,2,1
154,"8N","P. rettgeri",0.147,0.1,"2/22/23",05:10:00,10,4,6,3,4,2,3,3,3,2,3,2,2,1,2,1
155,"8N","P. rettgeri",0.147,0.1,"2/22/23",05:10:00,10,4,5,3,3,1,3,1,3,0,3,0,3,0,3,0
156,"8N","P. rettgeri",0.147,0.1,"2/22/23",05:10:00,10,5,8,4,4,2,4,1,4,1,4,1,4,0,4,0
157,"1G","P. rettgeri",0.147,0.1,"2/22/23",06:10:00,10,4,6,4,0,0,0,0,0,0,0,0,0,0,0,0
158,"1G","P. rettgeri",0.147,0.1,"2/22/23",06:10:00,10,5,7,4,5,4,5,2,5,2,5,2,5,1,5,1
159,"1G","P. rettgeri",0.147,0.1,"2/22/23",06:10:00,10,2,4,1,0,0,0,0,0,0,0,0,0,0,0,0
160,"1G","P. rettgeri",0.147,0.1,"2/22/23",06:10:00,10,3,2,1,1,1,1,1,1,1,1,1,1,1,1,1
161,"1G","P. rettgeri",0.147,0.1,"2/22/23",06:10:00,10,4,5,3,2,1,2,1,2,1,2,1,2,1,2,1
162,"1N","P. rettgeri",0.518,0.5,"2/22/23",04:30:00,10,4,6,6,1,1,1,0,1,0,1,0,1,0,1,0
163,"1N","P. rettgeri",0.518,0.5,"2/22/23",04:30:00,10,4,5,5,0,0,0,0,0,0,0,0,0,0,0,0
164,"1N","P. rettgeri",0.518,0.5,"2/22/23",04:30:00,10,3,4,0,0,0,0,0,0,0,0,0,0,0,0,0
165,"1N","P. rettgeri",0.518,0.5,"2/22/23",04:30:00,10,4,3,1,0,0,0,0,0,0,0,0,0,0,0,0
166,"1N","P. rettgeri",0.518,0.5,"2/22/23",04:30:00,10,3,3,1,0,0,0,0,0,0,0,0,0,0,0,0
167,"8N","P. rettgeri",0.518,0.5,"2/22/23",05:40:00,10,4,6,2,2,2,2,2,2,1,2,0,2,0,2,0
168,"8N","P. rettgeri",0.518,0.5,"2/22/23",05:40:00,10,3,3,2,2,2,2,1,2,1,2,1,2,1,2,1
169,"8N","P. rettgeri",0.518,0.5,"2/22/23",05:40:00,10,6,5,3,1,1,1,1,1,1,1,1,1,1,1,1
170,"8N","P. rettgeri",0.518,0.5,"2/22/23",05:40:00,10,5,5,2,2,2,2,2,2,1,2,1,2,0,2,0
171,"8N","P. rettgeri",0.518,0.5,"2/22/23",05:40:00,10,6,7,4,1,0,1,0,1,0,1,0,1,0,1,0
172,"1G","P. rettgeri",0.518,0.5,"2/22/23",06:30:00,10,5,7,3,1,1,1,1,1,1,1,1,1,1,1,1
173,"1G","P. rettgeri",0.518,0.5,"2/22/23",06:30:00,10,4,5,3,0,0,0,0,0,0,0,0,0,0,0,0
174,"1G","P. rettgeri",0.518,0.5,"2/22/23",06:30:00,10,5,6,4,0,0,0,0,0,0,0,0,0,0,0,0
175,"1G","P. rettgeri",0.518,0.5,"2/22/23",06:30:00,10,3,2,1,0,0,0,0,0,0,0,0,0,0,0,0
176,"1G","P. rettgeri",0.518,0.5,"2/22/23",06:30:00,10,5,6,4,0,0,0,0,0,0,0,0,0,0,0,0
177,"1N","P. rettgeri",1.086,1,"2/22/23",04:50:00,10,4,4,3,1,1,1,1,1,1,1,1,1,1,1,1
178,"1N","P. rettgeri",1.086,1,"2/22/23",04:50:00,10,4,3,2,0,0,0,0,0,0,0,0,0,0,0,0
179,"1N","P. rettgeri",1.086,1,"2/22/23",04:50:00,10,2,1,0,0,0,0,0,0,0,0,0,0,0,0,0
180,"1N","P. rettgeri",1.086,1,"2/22/23",04:50:00,10,3,1,0,0,0,0,0,0,0,0,0,0,0,0,0
181,"1N","P. rettgeri",1.086,1,"2/22/23",04:50:00,10,3,3,2,1,1,1,1,1,1,1,1,1,1,1,1
182,"8N","P. rettgeri",1.086,1,"2/22/23",05:50:00,10,5,6,2,1,1,1,1,1,1,1,1,1,1,1,1
183,"8N","P. rettgeri",1.086,1,"2/22/23",05:50:00,10,3,2,2,0,0,0,0,0,0,0,0,0,0,0,0
184,"8N","P. rettgeri",1.086,1,"2/22/23",05:50:00,10,6,8,7,2,1,2,1,2,1,2,1,2,0,2,0
185,"8N","P. rettgeri",1.086,1,"2/22/23",05:50:00,10,3,2,1,0,0,0,0,0,0,0,0,0,0,0,0
186,"8N","P. rettgeri",1.086,1,"2/22/23",05:50:00,10,5,5,3,0,0,0,0,0,0,0,0,0,0,0,0
187,"1G","P. rettgeri",1.086,1,"2/22/23",06:50:00,10,4,3,3,0,0,0,0,0,0,0,0,0,0,0,0
188,"1G","P. rettgeri",1.086,1,"2/22/23",06:50:00,10,4,5,2,0,0,0,0,0,0,0,0,0,0,0,0
189,"1G","P. rettgeri",1.086,1,"2/22/23",06:50:00,10,3,2,0,0,0,0,0,0,0,0,0,0,0,0,0
190,"1G","P. rettgeri",1.086,1,"2/22/23",06:50:00,10,1,0,0,0,0,0,0,0,0,0,0,0,0,0,0
191,"1G","P. rettgeri",1.086,1,"2/22/23",06:50:00,10,1,1,1,0,0,0,0,0,0,0,0,0,0,0,0
192,"1N","P. rettgeri",0.012,0.01,"3/8/23",03:50:00,10,5,6,4,4,3,4,3,4,3,4,3,4,1,4,1
193,"1N","P. rettgeri",0.012,0.01,"3/8/23",03:50:00,10,4,6,3,6,4,6,5,6,5,6,5,6,3,6,3
194,"1N","P. rettgeri",0.012,0.01,"3/8/23",03:50:00,10,6,6,6,6,5,6,5,5,2,5,2,5,2,5,1
195,"1N","P. rettgeri",0.012,0.01,"3/8/23",03:50:00,10,6,6,4,6,2,6,5,5,1,5,1,5,1,5,1
196,"1N","P. rettgeri",0.012,0.01,"3/8/23",03:50:00,10,3,2,1,2,2,2,2,2,1,2,1,2,1,2,1
197,"8N","P. rettgeri",0.012,0.01,"3/8/23",04:00:00,10,6,7,5,3,1,3,2,3,0,3,0,2,0,2,0
198,"8N","P. rettgeri",0.012,0.01,"3/8/23",04:00:00,10,6,7,5,7,1,7,0,7,0,7,1,7,0,7,0
199,"8N","P. rettgeri",0.012,0.01,"3/8/23",04:00:00,10,6,8,4,7,2,7,0,7,0,7,0,7,0,7,0
200,"8N","P. rettgeri",0.012,0.01,"3/8/23",04:00:00,10,3,5,2,4,0,4,0,2,0,2,0,2,0,2,1
201,"8N","P. rettgeri",0.012,0.01,"3/8/23",04:00:00,10,7,8,5,8,3,8,0,8,2,8,2,8,1,8,1
202,"1G","P. rettgeri",0.012,0.01,"3/8/23",04:20:00,10,5,6,4,6,5,6,5,6,4,6,4,6,6,6,6
203,"1G","P. rettgeri",0.012,0.01,"3/8/23",04:20:00,10,4,7,3,7,6,7,4,7,4,7,4,7,4,7,4
204,"1G","P. rettgeri",0.012,0.01,"3/8/23",04:20:00,10,4,4,4,4,4,3,3,3,3,3,3,3,3,3,3
205,"1G","P. rettgeri",0.012,0.01,"3/8/23",04:20:00,10,4,7,6,7,7,6,5,6,3,6,2,6,2,6,2
206,"1G","P. rettgeri",0.012,0.01,"3/8/23",04:20:00,10,4,6,4,6,4,6,4,5,1,5,1,5,1,5,1
222,"1N","P. rettgeri",7.85,8,"3/8/23",06:10:00,10,2,3,2,1,0,1,0,1,0,1,0,1,0,1,1
223,"1N","P. rettgeri",7.85,8,"3/8/23",06:10:00,10,3,2,1,0,0,0,0,0,0,0,0,0,0,0,0
224,"1N","P. rettgeri",7.85,8,"3/8/23",06:10:00,10,2,1,0,0,0,0,0,0,0,0,0,0,0,0,0
225,"1N","P. rettgeri",7.85,8,"3/8/23",06:10:00,10,4,3,2,0,0,0,0,0,0,0,0,0,0,0,0
226,"1N","P. rettgeri",7.85,8,"3/8/23",06:10:00,10,3,2,1,0,0,0,0,0,0,0,0,0,0,0,0
227,"8N","P. rettgeri",7.85,8,"3/8/23",05:30:00,10,6,7,5,5,3,5,3,3,2,3,2,3,3,3,3
228,"8N","P. rettgeri",7.85,8,"3/8/23",05:30:00,10,5,7,7,2,1,2,0,2,0,2,0,2,0,2,0
229,"8N","P. rettgeri",7.85,8,"3/8/23",05:30:00,10,5,7,5,5,3,4,1,3,0,3,0,3,0,3,0
230,"8N","P. rettgeri",7.85,8,"3/8/23",05:30:00,10,5,5,4,2,1,2,1,2,1,2,1,2,1,2,1
231,"8N","P. rettgeri",7.85,8,"3/8/23",05:30:00,10,4,4,3,0,0,0,0,0,0,0,0,0,0,0,0
232,"1G","P. rettgeri",7.85,8,"3/8/23",06:40:00,10,3,2,1,0,0,0,0,0,0,0,0,0,0,0,0
233,"1G","P. rettgeri",7.85,8,"3/8/23",06:40:00,10,5,6,3,0,0,0,0,0,0,0,0,0,0,0,0
234,"1G","P. rettgeri",7.85,8,"3/8/23",06:40:00,10,4,5,3,0,0,0,0,0,0,0,0,0,0,0,0
235,"1G","P. rettgeri",7.85,8,"3/8/23",06:40:00,10,4,5,1,0,0,0,0,0,0,0,0,0,0,0,0
236,"1G","P. rettgeri",7.85,8,"3/8/23",06:40:00,10,4,5,3,0,0,0,0,0,0,0,0,0,0,0,0
237,"1N","P. alcalifaciens",0.016,0.01,"3/9/23",02:00:00,10,6,5,4,4,4,3,3,3,3,3,3,3,3,3,3
238,"1N","P. alcalifaciens",0.016,0.01,"3/9/23",02:00:00,11,4,1,1,0,0,0,0,0,0,0,0,0,0,0,0
239,"1N","P. alcalifaciens",0.016,0.01,"3/9/23",02:00:00,10,5,4,4,2,2,2,2,2,2,2,2,2,2,2,2
240,"1N","P. alcalifaciens",0.016,0.01,"3/9/23",02:00:00,10,3,1,1,1,1,1,1,1,0,1,0,1,0,1,0
241,"1N","P. alcalifaciens",0.016,0.01,"3/9/23",02:00:00,10,4,5,3,3,3,3,2,3,2,3,3,3,3,3,3
242,"1N","P. alcalifaciens",0.142,0.1,"3/9/23",02:20:00,10,5,5,4,2,2,2,1,2,1,2,1,2,1,2,1
243,"1N","P. alcalifaciens",0.142,0.1,"3/9/23",02:20:00,10,4,2,2,0,0,0,0,0,0,0,0,0,0,0,0
244,"1N","P. alcalifaciens",0.142,0.1,"3/9/23",02:20:00,10,4,3,2,1,1,1,1,1,1,1,1,1,1,1,1
245,"1N","P. alcalifaciens",0.142,0.1,"3/9/23",02:20:00,10,4,5,4,1,1,1,1,1,1,1,1,1,1,1,1
246,"1N","P. alcalifaciens",0.142,0.1,"3/9/23",02:20:00,10,3,0,0,0,0,0,0,0,0,0,0,0,0,0,0
247,"1N","P. alcalifaciens",1.02,1,"3/9/23",02:40:00,10,4,0,0,0,0,0,0,0,0,0,0,0,0,0,0
248,"1N","P. alcalifaciens",1.02,1,"3/9/23",02:40:00,10,3,0,0,0,0,0,0,0,0,0,0,0,0,0,0
249,"1N","P. alcalifaciens",1.02,1,"3/9/23",02:40:00,10,2,0,0,0,0,0,0,0,0,0,0,0,0,0,0
250,"1N","P. alcalifaciens",1.02,1,"3/9/23",02:40:00,10,3,0,0,0,0,0,0,0,0,0,0,0,0,0,0
251,"1N","P. alcalifaciens",1.02,1,"3/9/23",02:40:00,10,3,0,0,0,0,0,0,0,0,0,0,0,0,0,0
252,"1N","P. alcalifaciens",0.47,0.5,"3/9/23",03:00:00,10,2,1,0,0,0,0,0,0,0,0,0,0,0,0,0
253,"1N","P. alcalifaciens",0.47,0.5,"3/9/23",03:00:00,10,2,0,0,0,0,0,0,0,0,0,0,0,0,0,0
254,"1N","P. alcalifaciens",0.47,0.5,"3/9/23",03:00:00,10,3,0,0,0,0,0,0,0,0,0,0,0,0,0,0
255,"1N","P. alcalifaciens",0.47,0.5,"3/9/23",03:00:00,10,3,0,0,0,0,0,0,0,0,0,0,0,0,0,0
256,"1N","P. alcalifaciens",0.47,0.5,"3/9/23",03:00:00,10,3,2,1,0,0,0,0,0,0,0,0,0,0,0,0
257,"1G","P. alcalifaciens",0.016,0.01,"3/9/23",03:30:00,10,4,5,1,1,1,1,1,1,1,1,1,1,1,1,1
258,"1G","P. alcalifaciens",0.016,0.01,"3/9/23",03:30:00,10,4,4,2,3,2,3,1,3,1,3,1,3,2,3,2
259,"1G","P. alcalifaciens",0.016,0.01,"3/9/23",03:30:00,10,3,2,1,0,0,0,0,0,0,0,0,0,0,0,0
260,"1G","P. alcalifaciens",0.016,0.01,"3/9/23",03:30:00,10,3,1,1,0,0,0,0,0,0,0,0,0,0,0,0
261,"1G","P. alcalifaciens",0.016,0.01,"3/9/23",03:30:00,10,3,0,0,0,0,0,0,0,0,0,0,0,0,0,0
262,"1G","P. alcalifaciens",0.142,0.1,"3/9/23",03:50:00,10,3,5,0,1,1,1,1,1,1,1,1,1,1,1,1
263,"1G","P. alcalifaciens",0.142,0.1,"3/9/23",03:50:00,10,3,3,1,1,1,1,1,1,1,1,1,1,1,1,1
264,"1G","P. alcalifaciens",0.142,0.1,"3/9/23",03:50:00,10,3,3,1,2,1,2,1,2,1,2,1,2,1,1,1
265,"1G","P. alcalifaciens",0.142,0.1,"3/9/23",03:50:00,10,2,1,1,1,1,1,1,1,1,1,1,1,1,1,1
266,"1G","P. alcalifaciens",0.142,0.1,"3/9/23",03:50:00,10,4,4,1,1,0,1,1,1,1,1,1,1,1,1,1
267,"1G","P. alcalifaciens",0.47,0.5,"3/9/23",04:00:00,10,4,4,2,0,0,0,0,0,0,0,0,0,0,0,0
268,"1G","P. alcalifaciens",0.47,0.5,"3/9/23",04:00:00,10,3,2,2,0,0,0,0,0,0,0,0,0,0,0,0
269,"1G","P. alcalifaciens",0.47,0.5,"3/9/23",04:00:00,10,4,4,3,0,0,0,0,0,0,0,0,0,0,0,0
270,"1G","P. alcalifaciens",0.47,0.5,"3/9/23",04:00:00,10,4,3,1,1,0,1,0,1,0,1,0,1,0,1,0
271,"1G","P. alcalifaciens",0.47,0.5,"3/9/23",04:00:00,10,3,3,1,0,0,0,0,0,0,0,0,0,0,0,0
272,"1G","P. alcalifaciens",1.02,1,"3/9/23",04:20:00,10,3,2,2,0,0,0,0,0,0,0,0,0,0,0,0
273,"1G","P. alcalifaciens",1.02,1,"3/9/23",04:20:00,10,4,5,2,0,0,0,0,0,0,0,0,0,0,0,0
274,"1G","P. alcalifaciens",1.02,1,"3/9/23",04:20:00,10,4,5,2,0,0,0,0,0,0,0,0,0,0,0,0
275,"1G","P. alcalifaciens",1.02,1,"3/9/23",04:20:00,10,4,2,2,0,0,0,0,0,0,0,0,0,0,0,0
276,"1G","P. alcalifaciens",1.02,1,"3/9/23",04:20:00,8,2,1,1,0,0,0,0,0,0,0,0,0,0,0,0
292,"1N","P. alcalifaciens",7.926,8,"3/23/23",12:00:00,10,2,1,0,0,0,0,0,0,0,0,0,0,0,0,0
293,"1N","P. alcalifaciens",7.926,8,"3/23/23",12:00:00,10,2,0,0,0,0,0,0,0,0,0,0,0,0,0,0
294,"1N","P. alcalifaciens",7.926,8,"3/23/23",12:00:00,10,2,0,0,0,0,0,0,0,0,0,0,0,0,0,0
295,"1N","P. alcalifaciens",7.926,8,"3/23/23",12:00:00,10,2,0,0,0,0,0,0,0,0,0,0,0,0,0,0
296,"1N","P. alcalifaciens",7.926,8,"3/23/23",12:00:00,10,2,0,0,0,0,0,0,0,0,0,0,0,0,0,0
297,"8N","P. alcalifaciens",7.926,8,"3/23/23",12:20:00,10,3,1,1,0,0,0,0,0,0,0,0,0,0,0,0
298,"8N","P. alcalifaciens",7.926,8,"3/23/23",12:20:00,10,3,0,0,0,0,0,0,0,0,0,0,0,0,0,0
299,"8N","P. alcalifaciens",7.926,8,"3/23/23",12:20:00,10,3,0,0,0,0,0,0,0,0,0,0,0,0,0,0
300,"8N","P. alcalifaciens",7.926,8,"3/23/23",12:20:00,10,3,0,0,0,0,0,0,0,0,0,0,0,0,0,0
301,"8N","P. alcalifaciens",7.926,8,"3/23/23",12:20:00,10,1,0,0,0,0,0,0,0,0,0,0,0,0,0,0
302,"1G","P. alcalifaciens",7.926,8,"3/23/23",12:30:00,10,1,0,0,0,0,0,0,0,0,0,0,0,0,0,0
303,"1G","P. alcalifaciens",7.926,8,"3/23/23",12:30:00,10,2,0,0,0,0,0,0,0,0,0,0,0,0,0,0
304,"1G","P. alcalifaciens",7.926,8,"3/23/23",12:30:00,10,3,0,0,0,0,0,0,0,0,0,0,0,0,0,0
305,"1G","P. alcalifaciens",7.926,8,"3/23/23",12:30:00,10,2,0,0,0,0,0,0,0,0,0,0,0,0,0,0
306,"1G","P. alcalifaciens",7.926,8,"3/23/23",12:30:00,10,3,0,0,0,0,0,0,0,0,0,0,0,0,0,0
307,"8N","P. alcalifaciens",0.018,0.01,"3/23/23",02:30:00,10,6,6,4,4,2,4,2,4,2,4,1,4,1,4,1
308,"8N","P. alcalifaciens",0.018,0.01,"3/23/23",02:30:00,10,6,9,7,3,0,2,0,2,0,2,0,2,0,2,0
309,"8N","P. alcalifaciens",0.018,0.01,"3/23/23",02:30:00,10,5,7,3,2,2,2,2,2,2,2,2,2,2,2,2
310,"8N","P. alcalifaciens",0.018,0.01,"3/23/23",02:30:00,10,5,5,3,3,1,3,1,3,1,3,1,3,1,3,1
311,"8N","P. alcalifaciens",0.018,0.01,"3/23/23",02:30:00,10,8,9,7,5,1,5,1,5,1,5,1,5,1,5,1
312,"8N","P. alcalifaciens",0.094,0.1,"3/23/23",02:40:00,10,5,4,3,1,1,1,1,1,1,1,0,1,0,1,0
313,"8N","P. alcalifaciens",0.094,0.1,"3/23/23",02:40:00,10,5,4,2,1,1,1,1,1,1,1,1,1,1,1,1
314,"8N","P. alcalifaciens",0.094,0.1,"3/23/23",02:40:00,10,6,7,5,3,1,3,2,3,2,3,2,3,2,3,2
315,"8N","P. alcalifaciens",0.094,0.1,"3/23/23",02:40:00,10,5,5,3,2,2,2,2,2,1,2,0,2,0,2,0
316,"8N","P. alcalifaciens",0.094,0.1,"3/23/23",02:40:00,10,4,3,2,1,1,1,1,1,1,1,1,1,1,1,1
317,"8N","P. alcalifaciens",0.474,0.5,"3/23/23",02:50:00,10,4,2,2,0,0,0,0,0,0,0,0,0,0,0,0
318,"8N","P. alcalifaciens",0.474,0.5,"3/23/23",02:50:00,10,6,5,5,0,0,0,0,0,0,0,0,0,0,0,0
319,"8N","P. alcalifaciens",0.474,0.5,"3/23/23",02:50:00,10,4,1,0,0,0,0,0,0,0,0,0,0,0,0,0
320,"8N","P. alcalifaciens",0.474,0.5,"3/23/23",02:50:00,10,4,3,1,0,0,0,0,0,0,0,0,0,0,0,0
321,"8N","P. alcalifaciens",0.474,0.5,"3/23/23",02:50:00,10,4,4,2,0,0,0,0,0,0,0,0,0,0,0,0
322,"8N","P. alcalifaciens",1,1,"3/23/23",03:10:00,10,4,5,1,1,1,1,1,1,1,1,1,1,1,1,1
323,"8N","P. alcalifaciens",1,1,"3/23/23",03:10:00,10,3,2,1,0,0,0,0,0,0,0,0,0,0,0,0
324,"8N","P. alcalifaciens",1,1,"3/23/23",03:10:00,10,4,3,1,0,0,0,0,0,0,0,0,0,0,0,0
325,"8N","P. alcalifaciens",1,1,"3/23/23",03:10:00,10,3,1,0,0,0,0,0,0,0,0,0,0,0,0,0
326,"8N","P. alcalifaciens",1,1,"3/23/23",03:10:00,10,3,2,2,1,1,1,1,1,1,1,1,1,1,1,1
327,"1N","P. burhodogranareia strD",0.018,0.01,"3/30/23",08:50:00,10,5,9,4,9,4,9,4,9,3,9,3,9,1,9,1
328,"1N","P. burhodogranareia strD",0.018,0.01,"3/30/23",08:50:00,10,4,6,3,5,1,5,1,5,3,5,3,5,2,5,2
329,"1N","P. burhodogranareia strD",0.018,0.01,"3/30/23",08:50:00,10,5,7,5,7,5,6,5,5,4,5,4,5,4,5,4
330,"1N","P. burhodogranareia strD",0.018,0.01,"3/30/23",08:50:00,10,6,7,6,6,3,6,2,6,2,6,2,6,2,6,2
331,"1N","P. burhodogranareia strD",0.018,0.01,"3/30/23",08:50:00,10,6,9,7,9,4,9,3,9,5,9,5,9,3,9,3
332,"8N","P. burhodogranareia strD",0.018,0.01,"3/30/23",09:00:00,12,6,11,10,11,9,11,8,10,8,10,8,10,8,10,8
333,"8N","P. burhodogranareia strD",0.018,0.01,"3/30/23",09:00:00,10,6,10,6,10,6,9,6,9,8,9,8,9,8,9,8
334,"8N","P. burhodogranareia strD",0.018,0.01,"3/30/23",09:00:00,10,6,9,7,8,6,8,4,8,6,8,6,8,6,7,6
335,"8N","P. burhodogranareia strD",0.018,0.01,"3/30/23",09:00:00,10,6,8,7,8,6,7,6,7,6,7,6,7,6,7,6
336,"8N","P. burhodogranareia strD",0.018,0.01,"3/30/23",09:00:00,10,7,8,7,8,4,7,4,7,4,7,4,7,4,7,4
337,"1G","P. burhodogranareia strD",0.018,0.01,"3/30/23",09:20:00,10,5,5,5,5,3,5,3,5,2,5,2,5,2,5,2
338,"1G","P. burhodogranareia strD",0.018,0.01,"3/30/23",09:20:00,10,4,5,4,5,2,4,4,4,2,4,2,4,2,4,2
339,"1G","P. burhodogranareia strD",0.018,0.01,"3/30/23",09:20:00,10,5,5,4,4,4,4,4,4,1,4,1,4,1,3,1
340,"1G","P. burhodogranareia strD",0.018,0.01,"3/30/23",09:20:00,10,5,5,2,5,4,5,2,5,5,5,4,5,4,5,4
341,"1G","P. burhodogranareia strD",0.018,0.01,"3/30/23",09:20:00,10,5,8,4,8,2,8,2,8,3,8,3,8,3,8,3
342,"1N","P. burhodogranareia strD",0.102,0.1,"3/30/23",09:30:00,10,4,3,2,3,1,2,1,2,1,2,1,2,1,2,1
343,"1N","P. burhodogranareia strD",0.102,0.1,"3/30/23",09:30:00,10,4,4,3,4,3,4,3,4,3,4,3,4,3,4,3
344,"1N","P. burhodogranareia strD",0.102,0.1,"3/30/23",09:30:00,10,6,7,7,7,7,7,7,7,7,7,7,7,7,7,7
345,"1N","P. burhodogranareia strD",0.102,0.1,"3/30/23",09:30:00,10,6,7,5,7,5,5,3,5,5,5,5,5,5,5,5
346,"1N","P. burhodogranareia strD",0.102,0.1,"3/30/23",09:30:00,11,6,7,6,6,5,6,3,6,4,6,4,6,4,6,4
347,"8N","P. burhodogranareia strD",0.102,0.1,"3/30/23",09:50:00,10,4,9,3,9,3,9,3,9,4,9,4,9,4,9,4
348,"8N","P. burhodogranareia strD",0.102,0.1,"3/30/23",09:50:00,10,5,8,5,8,4,8,1,8,1,8,6,8,6,8,6
349,"8N","P. burhodogranareia strD",0.102,0.1,"3/30/23",09:50:00,10,4,7,2,7,2,5,2,5,2,5,2,5,2,5,2
350,"8N","P. burhodogranareia strD",0.102,0.1,"3/30/23",09:50:00,10,5,8,4,8,2,7,2,7,2,7,4,7,4,7,4
351,"8N","P. burhodogranareia strD",0.102,0.1,"3/30/23",09:50:00,10,5,8,5,8,5,7,1,7,1,7,3,7,3,7,3
352,"1G","P. burhodogranareia strD",0.102,0.1,"3/30/23",10:05:00,10,5,8,5,8,5,7,4,7,1,7,3,7,3,7,3
353,"1G","P. burhodogranareia strD",0.102,0.1,"3/30/23",10:05:00,10,4,7,0,7,1,7,1,7,2,7,0,7,0,6,0
354,"1G","P. burhodogranareia strD",0.102,0.1,"3/30/23",10:05:00,10,5,5,1,5,4,5,4,5,5,5,3,5,3,5,3
355,"1G","P. burhodogranareia strD",0.102,0.1,"3/30/23",10:05:00,10,5,8,5,8,5,7,3,7,3,6,3,6,3,6,3
356,"1G","P. burhodogranareia strD",0.102,0.1,"3/30/23",10:05:00,10,5,9,6,9,6,9,6,9,6,9,6,9,6,8,6
357,"1N","P. burhodogranareia strD",0.554,0.5,"3/30/23",10:15:00,10,5,7,7,7,6,7,5,7,5,7,5,7,5,7,5
358,"1N","P. burhodogranareia strD",0.554,0.5,"3/30/23",10:15:00,10,5,7,7,7,4,7,3,7,3,7,1,7,1,7,1
359,"1N","P. burhodogranareia strD",0.554,0.5,"3/30/23",10:15:00,10,5,6,6,6,5,6,5,6,5,6,4,6,4,6,4
360,"1N","P. burhodogranareia strD",0.554,0.5,"3/30/23",10:15:00,10,6,8,7,8,7,8,7,8,3,8,6,7,4,7,4
361,"1N","P. burhodogranareia strD",0.554,0.5,"3/30/23",10:15:00,10,6,9,7,9,7,9,7,9,5,9,5,9,5,9,5
362,"8N","P. burhodogranareia strD",0.554,0.5,"3/30/23",10:40:00,10,4,8,1,8,2,7,2,7,2,7,2,7,2,7,2
363,"8N","P. burhodogranareia strD",0.554,0.5,"3/30/23",10:40:00,10,5,6,4,6,4,5,2,5,3,5,3,5,3,5,3
364,"8N","P. burhodogranareia strD",0.554,0.5,"3/30/23",10:40:00,10,6,7,6,7,6,7,5,7,4,7,5,7,5,7,5
365,"8N","P. burhodogranareia strD",0.554,0.5,"3/30/23",10:40:00,10,6,8,6,8,5,8,5,7,3,7,3,7,3,7,3
366,"8N","P. burhodogranareia strD",0.554,0.5,"3/30/23",10:40:00,10,6,9,1,9,1,9,1,9,6,9,5,9,5,9,5
367,"1G","P. burhodogranareia strD",0.554,0.5,"3/30/23",10:50:00,10,6,8,7,8,4,8,5,8,4,8,5,8,5,8,5
368,"1G","P. burhodogranareia strD",0.554,0.5,"3/30/23",10:50:00,10,5,9,8,9,6,9,6,8,6,8,3,8,3,8,3
369,"1G","P. burhodogranareia strD",0.554,0.5,"3/30/23",10:50:00,10,4,7,5,7,5,7,5,6,1,6,1,5,1,5,1
370,"1G","P. burhodogranareia strD",0.554,0.5,"3/30/23",10:50:00,10,4,5,4,5,3,5,2,5,2,5,2,5,2,5,2
371,"1G","P. burhodogranareia strD",0.554,0.5,"3/30/23",10:50:00,10,5,7,4,7,1,7,1,7,1,7,1,7,1,7,1
372,"1N","P. burhodogranareia strD",1.014,1,"3/30/23",12:00:00,10,5,6,5,6,3,6,3,6,3,6,3,6,3,6,3
373,"1N","P. burhodogranareia strD",1.014,1,"3/30/23",12:00:00,10,5,9,8,9,6,9,5,9,5,9,5,9,5,9,5
374,"1N","P. burhodogranareia strD",1.014,1,"3/30/23",12:00:00,10,6,10,6,10,5,10,5,10,4,10,4,10,4,10,4
375,"1N","P. burhodogranareia strD",1.014,1,"3/30/23",12:00:00,10,6,8,7,8,5,8,3,8,3,8,3,8,3,8,3
376,"1N","P. burhodogranareia strD",1.014,1,"3/30/23",12:00:00,10,5,8,5,8,4,8,4,8,5,8,4,8,4,8,4
377,"8N","P. burhodogranareia strD",1.014,1,"3/30/23",12:20:00,11,5,8,5,8,4,8,2,8,2,8,2,8,2,8,2
378,"8N","P. burhodogranareia strD",1.014,1,"3/30/23",12:20:00,10,5,7,5,7,6,7,4,6,4,6,2,6,2,6,2
379,"8N","P. burhodogranareia strD",1.014,1,"3/30/23",12:20:00,10,6,8,7,8,7,7,4,7,2,7,2,7,2,7,2
380,"8N","P. burhodogranareia strD",1.014,1,"3/30/23",12:20:00,10,6,8,7,8,5,8,3,8,3,8,3,8,3,8,3
381,"8N","P. burhodogranareia strD",1.014,1,"3/30/23",12:20:00,10,5,9,5,9,4,8,2,8,2,8,2,8,2,8,2
382,"1G","P. burhodogranareia strD",1.014,1,"3/30/23",12:30:00,10,5,6,3,6,2,6,0,6,0,6,0,6,0,6,0
383,"1G","P. burhodogranareia strD",1.014,1,"3/30/23",12:30:00,10,5,5,3,5,1,5,1,5,1,5,1,5,1,5,1
384,"1G","P. burhodogranareia strD",1.014,1,"3/30/23",12:30:00,10,4,0,0,0,0,0,0,0,0,0,0,0,0,0,0
385,"1G","P. burhodogranareia strD",1.014,1,"3/30/23",12:30:00,10,5,5,2,5,3,5,4,5,3,5,3,5,3,5,3
386,"1G","P. burhodogranareia strD",1.014,1,"3/30/23",12:30:00,10,5,7,6,7,2,7,1,7,1,7,1,6,2,6,2
402,"1N","P. burhodogranareia strD",8.15,8,"3/30/23",03:10:00,10,5,4,4,4,4,4,4,4,3,4,3,4,3,4,3
403,"1N","P. burhodogranareia strD",8.15,8,"3/30/23",03:10:00,10,4,3,3,3,3,3,3,3,3,3,3,3,3,3,3
404,"1N","P. burhodogranareia strD",8.15,8,"3/30/23",03:10:00,10,5,7,4,7,6,7,3,7,5,7,5,7,5,7,5
405,"1N","P. burhodogranareia strD",8.15,8,"3/30/23",03:10:00,10,5,5,3,5,4,5,4,5,3,4,3,4,3,4,3
406,"1N","P. burhodogranareia strD",8.15,8,"3/30/23",03:10:00,10,4,4,1,4,1,3,2,3,1,3,1,3,1,2,1
407,"8N","P. burhodogranareia strD",8.15,8,"3/30/23",03:30:00,10,4,2,2,2,2,2,2,2,2,2,2,2,2,2,2
408,"8N","P. burhodogranareia strD",8.15,8,"3/30/23",03:30:00,10,5,4,3,4,3,4,1,4,2,4,2,4,2,4,2
409,"8N","P. burhodogranareia strD",8.15,8,"3/30/23",03:30:00,10,4,8,4,8,3,6,3,6,1,5,1,5,1,5,1
410,"8N","P. burhodogranareia strD",8.15,8,"3/30/23",03:30:00,9,4,5,1,5,3,5,3,5,3,5,3,5,3,5,3
411,"8N","P. burhodogranareia strD",8.15,8,"3/30/23",03:30:00,10,4,5,2,5,1,5,1,5,1,5,1,5,1,5,1
412,"1G","P. burhodogranareia strD",8.15,8,"3/30/23",03:50:00,10,5,2,2,2,2,2,2,2,2,2,2,2,2,2,2
413,"1G","P. burhodogranareia strD",8.15,8,"3/30/23",03:50:00,10,4,6,5,6,6,6,3,6,2,6,2,6,2,6,2
414,"1G","P. burhodogranareia strD",8.15,8,"3/30/23",03:50:00,10,4,2,1,2,2,2,2,2,2,2,2,2,2,2,2
415,"1G","P. burhodogranareia strD",8.15,8,"3/30/23",03:50:00,10,5,6,5,6,5,6,3,6,3,6,3,6,3,6,3
416,"1G","P. burhodogranareia strD",8.15,8,"3/30/23",03:50:00,10,5,6,3,5,2,5,3,5,2,5,2,5,2,5,2
